{
  "methodology": "STRATIFIED_SPLIT_WITH_CLASS_BALANCING_AND_HYPERPARAM_TUNING",
  "tasks": [
    "Country (16 classes)",
    "Time of Day (4 classes)",
    "Activity (4 classes)"
  ],
  "models": {
    "KNN (k=1)": {
      "country": {
        "accuracy": 0.5925925925925926,
        "f1_macro": 0.6120194682346052,
        "f1_weighted": 0.59511396338403,
        "precision": 0.6309131057114927,
        "recall": 0.6231024592237828
      },
      "time": {
        "accuracy": 0.4656084656084656,
        "f1_macro": 0.34509398104758926,
        "f1_weighted": 0.4710642121867781,
        "precision": 0.3518356643356643,
        "recall": 0.34083838181088283
      },
      "activity": {
        "accuracy": 0.6243386243386243,
        "f1_macro": 0.5448955607391337,
        "f1_weighted": 0.6186907163387648,
        "precision": 0.5479286093692873,
        "recall": 0.5469161184210527
      }
    },
    "KNN (k=3)": {
      "country": {
        "accuracy": 0.6243386243386243,
        "f1_macro": 0.6585221075146896,
        "f1_weighted": 0.6298751944918618,
        "precision": 0.6861341015541835,
        "recall": 0.6662090768708415
      },
      "time": {
        "accuracy": 0.48677248677248675,
        "f1_macro": 0.35810406272273704,
        "f1_weighted": 0.4877870926623599,
        "precision": 0.36414084857533907,
        "recall": 0.35354549104047295
      },
      "activity": {
        "accuracy": 0.6349206349206349,
        "f1_macro": 0.5725844239596374,
        "f1_weighted": 0.6348374167466008,
        "precision": 0.5721671506427893,
        "recall": 0.5733315058479532
      }
    },
    "Random Forest": {
      "country": {
        "accuracy": 0.7301587301587301,
        "f1_macro": 0.7037177884285233,
        "f1_weighted": 0.7193722637492342,
        "precision": 0.9161615334207078,
        "recall": 0.6148019260151614
      },
      "time": {
        "accuracy": 0.5873015873015873,
        "f1_macro": 0.393143315018315,
        "f1_weighted": 0.554522307498498,
        "precision": 0.4627501039693175,
        "recall": 0.3907772526550126
      },
      "activity": {
        "accuracy": 0.7037037037037037,
        "f1_macro": 0.5964796043142129,
        "f1_weighted": 0.681464242756111,
        "precision": 0.703257947042407,
        "recall": 0.5966977339181286
      }
    },
    "Neural Network": {
      "country": {
        "accuracy": 0.8148148148148148,
        "f1_macro": 0.8170501959845243,
        "f1_weighted": 0.816570136731794,
        "precision": 0.8270371849252898,
        "recall": 0.8219794808949221
      },
      "time": {
        "accuracy": 0.5502645502645502,
        "f1_macro": 0.4111410496719775,
        "f1_weighted": 0.5617193039873453,
        "precision": 0.42386363636363633,
        "recall": 0.4013015035947593
      },
      "activity": {
        "accuracy": 0.7513227513227513,
        "f1_macro": 0.7154514139808257,
        "f1_weighted": 0.7504311033722798,
        "precision": 0.7258023294788001,
        "recall": 0.7081606359649122
      }
    },
    "Voting Ensemble": {
      "country": {
        "accuracy": 0.7407407407407407,
        "f1_macro": 0.7396775277289438,
        "f1_weighted": 0.7402057747677471,
        "precision": 0.8227918166171178,
        "recall": 0.7005876884553356
      },
      "time": {
        "accuracy": 0.5608465608465608,
        "f1_macro": 0.3840443912812334,
        "f1_weighted": 0.5398109471208886,
        "precision": 0.41509641873278236,
        "recall": 0.38092701908689464
      },
      "activity": {
        "accuracy": 0.7037037037037037,
        "f1_macro": 0.5959320151412002,
        "f1_weighted": 0.6829514495377713,
        "precision": 0.6567550839964633,
        "recall": 0.5994992690058479
      }
    }
  },
  "model_tuning_logs": {
    "random_forest_tuning": [
      {
        "Task": "country",
        "Max Depth": "10",
        "Estimators": 100,
        "Accuracy": 0.7301587301587301
      },
      {
        "Task": "country",
        "Max Depth": "10",
        "Estimators": 200,
        "Accuracy": 0.7301587301587301
      },
      {
        "Task": "country",
        "Max Depth": "20",
        "Estimators": 100,
        "Accuracy": 0.6084656084656085
      },
      {
        "Task": "country",
        "Max Depth": "20",
        "Estimators": 200,
        "Accuracy": 0.6190476190476191
      },
      {
        "Task": "country",
        "Max Depth": "None",
        "Estimators": 100,
        "Accuracy": 0.6243386243386243
      },
      {
        "Task": "country",
        "Max Depth": "None",
        "Estimators": 200,
        "Accuracy": 0.6137566137566137
      },
      {
        "Task": "time",
        "Max Depth": "10",
        "Estimators": 100,
        "Accuracy": 0.5873015873015873
      },
      {
        "Task": "time",
        "Max Depth": "10",
        "Estimators": 200,
        "Accuracy": 0.5661375661375662
      },
      {
        "Task": "time",
        "Max Depth": "20",
        "Estimators": 100,
        "Accuracy": 0.582010582010582
      },
      {
        "Task": "time",
        "Max Depth": "20",
        "Estimators": 200,
        "Accuracy": 0.582010582010582
      },
      {
        "Task": "time",
        "Max Depth": "None",
        "Estimators": 100,
        "Accuracy": 0.582010582010582
      },
      {
        "Task": "time",
        "Max Depth": "None",
        "Estimators": 200,
        "Accuracy": 0.5767195767195767
      },
      {
        "Task": "activity",
        "Max Depth": "10",
        "Estimators": 100,
        "Accuracy": 0.6825396825396826
      },
      {
        "Task": "activity",
        "Max Depth": "10",
        "Estimators": 200,
        "Accuracy": 0.6825396825396826
      },
      {
        "Task": "activity",
        "Max Depth": "20",
        "Estimators": 100,
        "Accuracy": 0.6984126984126984
      },
      {
        "Task": "activity",
        "Max Depth": "20",
        "Estimators": 200,
        "Accuracy": 0.7037037037037037
      },
      {
        "Task": "activity",
        "Max Depth": "None",
        "Estimators": 100,
        "Accuracy": 0.6984126984126984
      },
      {
        "Task": "activity",
        "Max Depth": "None",
        "Estimators": 200,
        "Accuracy": 0.7037037037037037
      }
    ],
    "neural_network_tuning": []
  },
  "ablation_study": [
    {
      "k": 1,
      "Country": 0.5925925925925926,
      "Time": 0.4656084656084656,
      "Activity": 0.6243386243386243
    },
    {
      "k": 2,
      "Country": 0.5925925925925926,
      "Time": 0.4656084656084656,
      "Activity": 0.6243386243386243
    },
    {
      "k": 3,
      "Country": 0.6243386243386243,
      "Time": 0.48677248677248675,
      "Activity": 0.6349206349206349
    },
    {
      "k": 5,
      "Country": 0.6507936507936508,
      "Time": 0.5291005291005291,
      "Activity": 0.656084656084656
    },
    {
      "k": 7,
      "Country": 0.671957671957672,
      "Time": 0.5767195767195767,
      "Activity": 0.6666666666666666
    },
    {
      "k": 10,
      "Country": 0.6931216931216931,
      "Time": 0.544973544973545,
      "Activity": 0.6772486772486772
    },
    {
      "k": 15,
      "Country": 0.6296296296296297,
      "Time": 0.5661375661375662,
      "Activity": 0.6666666666666666
    },
    {
      "k": 20,
      "Country": 0.656084656084656,
      "Time": 0.544973544973545,
      "Activity": 0.6666666666666666
    }
  ],
  "data_statistics": {
    "total_samples": 945,
    "train_samples": 756,
    "test_samples": 189,
    "feature_dimensions": 2432,
    "num_country_classes": 16,
    "num_time_classes": 4,
    "num_activity_classes": 4,
    "url_overlap": 0
  },
  "random_baselines": {
    "country": 0.0625,
    "time": 0.25,
    "activity": 0.25
  }
}