{
  "KNN-3": {
    "country": {
      "accuracy": 0.6296296296296297,
      "f1_macro": 0.6272663079630323,
      "f1_weighted": 0.6327776647020946,
      "precision": 0.6651537698412697,
      "recall": 0.6245534183953302
    },
    "time": {
      "accuracy": 0.5132275132275133,
      "f1_macro": 0.37472753429435013,
      "f1_weighted": 0.5135683500453322,
      "precision": 0.38525957246887477,
      "recall": 0.36835220429911314
    },
    "activity": {
      "accuracy": 0.6296296296296297,
      "f1_macro": 0.5757931643830718,
      "f1_weighted": 0.6359405247026728,
      "precision": 0.5756535947712418,
      "recall": 0.5795422149122808
    }
  },
  "RF": {
    "country": {
      "accuracy": 0.6031746031746031,
      "f1_macro": 0.4878148677732656,
      "f1_weighted": 0.5497823679061086,
      "precision": 0.7447406045751634,
      "recall": 0.42675400579812345
    },
    "time": {
      "accuracy": 0.6084656084656085,
      "f1_macro": 0.3872126436781609,
      "f1_weighted": 0.5570759593748099,
      "precision": 0.4828709893048128,
      "recall": 0.3941040016787708
    },
    "activity": {
      "accuracy": 0.6878306878306878,
      "f1_macro": 0.5616880037932669,
      "f1_weighted": 0.659793126459793,
      "precision": 0.6468140459845265,
      "recall": 0.5729431652046784
    }
  },
  "NN": {
    "country": {
      "accuracy": 0.7301587301587301,
      "f1_macro": 0.7437091934266856,
      "f1_weighted": 0.7404082579852069,
      "precision": 0.7795673076923078,
      "recall": 0.7332442169758346
    },
    "time": {
      "accuracy": 0.5502645502645502,
      "f1_macro": 0.4013776963776964,
      "f1_weighted": 0.5512284736623362,
      "precision": 0.4022988505747127,
      "recall": 0.4007689044195467
    },
    "activity": {
      "accuracy": 0.746031746031746,
      "f1_macro": 0.702170188463735,
      "f1_weighted": 0.7466904777013286,
      "precision": 0.7098543888433142,
      "recall": 0.7007620614035088
    }
  }
}