{
  "KNN-3": {
    "country": {
      "accuracy": 0.7936507936507936,
      "f1_macro": 0.7718068424034026,
      "f1_weighted": 0.7959007207221793,
      "precision": 0.7848915485698272,
      "recall": 0.7887626364648423
    },
    "time": {
      "accuracy": 0.5767195767195767,
      "f1_macro": 0.549780274815191,
      "f1_weighted": 0.5783693023761304,
      "precision": 0.5151553932609834,
      "recall": 0.6694976916900843
    },
    "activity": {
      "accuracy": 0.6137566137566137,
      "f1_macro": 0.5555000611819375,
      "f1_weighted": 0.621271897614378,
      "precision": 0.5615495620079669,
      "recall": 0.5546938961988305
    }
  },
  "RF": {
    "country": {
      "accuracy": 1.0,
      "f1_macro": 1.0,
      "f1_weighted": 1.0,
      "precision": 1.0,
      "recall": 1.0
    },
    "time": {
      "accuracy": 1.0,
      "f1_macro": 1.0,
      "f1_weighted": 1.0,
      "precision": 1.0,
      "recall": 1.0
    },
    "activity": {
      "accuracy": 0.7671957671957672,
      "f1_macro": 0.6508417812848193,
      "f1_weighted": 0.7449759784861251,
      "precision": 0.7740140093642602,
      "recall": 0.6497898391812866
    }
  },
  "NN": {
    "country": {
      "accuracy": 0.9788359788359788,
      "f1_macro": 0.9842866956175023,
      "f1_weighted": 0.9794309463455153,
      "precision": 0.9746527777777777,
      "recall": 0.9963235294117647
    },
    "time": {
      "accuracy": 0.9894179894179894,
      "f1_macro": 0.9917562286272594,
      "f1_weighted": 0.9893624170614889,
      "precision": 0.9944444444444445,
      "recall": 0.9893617021276596
    },
    "activity": {
      "accuracy": 0.6878306878306878,
      "f1_macro": 0.6415482201196487,
      "f1_weighted": 0.6905426170732293,
      "precision": 0.6404295935545936,
      "recall": 0.6443951023391813
    }
  }
}