{
  "KNN-3": {
    "country": {
      "accuracy": 0.7936507936507936,
      "f1_macro": 0.7718068424034026,
      "f1_weighted": 0.7959007207221793,
      "precision": 0.7848915485698272,
      "recall": 0.7887626364648423
    },
    "time": {
      "accuracy": 0.5767195767195767,
      "f1_macro": 0.549780274815191,
      "f1_weighted": 0.5783693023761304,
      "precision": 0.5151553932609834,
      "recall": 0.6694976916900843
    },
    "activity": {
      "accuracy": 0.6137566137566137,
      "f1_macro": 0.5555000611819375,
      "f1_weighted": 0.621271897614378,
      "precision": 0.5615495620079669,
      "recall": 0.5546938961988305
    }
  },
  "RF": {
    "country": {
      "accuracy": 1.0,
      "f1_macro": 1.0,
      "f1_weighted": 1.0,
      "precision": 1.0,
      "recall": 1.0
    },
    "time": {
      "accuracy": 1.0,
      "f1_macro": 1.0,
      "f1_weighted": 1.0,
      "precision": 1.0,
      "recall": 1.0
    },
    "activity": {
      "accuracy": 0.7671957671957672,
      "f1_macro": 0.6508417812848193,
      "f1_weighted": 0.7449759784861251,
      "precision": 0.7740140093642602,
      "recall": 0.6497898391812866
    }
  },
  "NN": {
    "country": {
      "accuracy": 0.9682539682539683,
      "f1_macro": 0.9773772961432807,
      "f1_weighted": 0.9692905489817492,
      "precision": 0.9646329365079365,
      "recall": 0.9944852941176471
    },
    "time": {
      "accuracy": 0.9947089947089947,
      "f1_macro": 0.9958993985784582,
      "f1_weighted": 0.9946954947866193,
      "precision": 0.997191011235955,
      "recall": 0.9946808510638298
    },
    "activity": {
      "accuracy": 0.7195767195767195,
      "f1_macro": 0.6810453887011106,
      "f1_weighted": 0.720509224130663,
      "precision": 0.6840746934225196,
      "recall": 0.6793887061403509
    }
  }
}