{
  "KNN-3": {
    "country": {
      "accuracy": 0.7936507936507936,
      "f1_macro": 0.7718068424034026,
      "f1_weighted": 0.7959007207221793,
      "precision": 0.7848915485698272,
      "recall": 0.7887626364648423
    },
    "time": {
      "accuracy": 0.5767195767195767,
      "f1_macro": 0.549780274815191,
      "f1_weighted": 0.5783693023761304,
      "precision": 0.5151553932609834,
      "recall": 0.6694976916900843
    },
    "activity": {
      "accuracy": 0.6137566137566137,
      "f1_macro": 0.5555000611819375,
      "f1_weighted": 0.621271897614378,
      "precision": 0.5615495620079669,
      "recall": 0.5546938961988305
    }
  },
  "RF": {
    "country": {
      "accuracy": 1.0,
      "f1_macro": 1.0,
      "f1_weighted": 1.0,
      "precision": 1.0,
      "recall": 1.0
    },
    "time": {
      "accuracy": 1.0,
      "f1_macro": 1.0,
      "f1_weighted": 1.0,
      "precision": 1.0,
      "recall": 1.0
    },
    "activity": {
      "accuracy": 0.7671957671957672,
      "f1_macro": 0.6508417812848193,
      "f1_weighted": 0.7449759784861251,
      "precision": 0.7740140093642602,
      "recall": 0.6497898391812866
    }
  },
  "NN": {
    "country": {
      "accuracy": 1.0,
      "f1_macro": 1.0,
      "f1_weighted": 1.0,
      "precision": 1.0,
      "recall": 1.0
    },
    "time": {
      "accuracy": 0.9947089947089947,
      "f1_macro": 0.9962349799732977,
      "f1_weighted": 0.9947186018748102,
      "precision": 0.9953703703703703,
      "recall": 0.9971590909090909
    },
    "activity": {
      "accuracy": 0.6825396825396826,
      "f1_macro": 0.633641947469314,
      "f1_weighted": 0.6831408384806443,
      "precision": 0.6340763670510132,
      "recall": 0.6337874634502925
    }
  }
}