{
  "KNN-3": {
    "country": {
      "accuracy": 0.6243386243386243,
      "f1_macro": 0.6585221075146896,
      "f1_weighted": 0.6298751944918618,
      "precision": 0.6861341015541835,
      "recall": 0.6662090768708415
    },
    "time": {
      "accuracy": 0.48677248677248675,
      "f1_macro": 0.35810406272273704,
      "f1_weighted": 0.4877870926623599,
      "precision": 0.36414084857533907,
      "recall": 0.35354549104047295
    },
    "activity": {
      "accuracy": 0.6349206349206349,
      "f1_macro": 0.5725844239596374,
      "f1_weighted": 0.6348374167466008,
      "precision": 0.5721671506427893,
      "recall": 0.5733315058479532
    }
  },
  "RF": {
    "country": {
      "accuracy": 0.6031746031746031,
      "f1_macro": 0.5204619211615215,
      "f1_weighted": 0.5613966528500627,
      "precision": 0.8557841614906831,
      "recall": 0.43565326625988393
    },
    "time": {
      "accuracy": 0.5978835978835979,
      "f1_macro": 0.3696236021254363,
      "f1_weighted": 0.5376462219700174,
      "precision": 0.4686374549819928,
      "recall": 0.38346570380643036
    },
    "activity": {
      "accuracy": 0.6931216931216931,
      "f1_macro": 0.5652898550724638,
      "f1_weighted": 0.6642650103519668,
      "precision": 0.6533680834001604,
      "recall": 0.5762353801169591
    }
  },
  "NN": {
    "country": {
      "accuracy": 0.7671957671957672,
      "f1_macro": 0.7540517265695159,
      "f1_weighted": 0.7655219150170106,
      "precision": 0.7904181663619767,
      "recall": 0.7523248299902712
    },
    "time": {
      "accuracy": 0.5714285714285714,
      "f1_macro": 0.41728260869565215,
      "f1_weighted": 0.5710651023694502,
      "precision": 0.42373300827423166,
      "recall": 0.41273470858727784
    },
    "activity": {
      "accuracy": 0.7142857142857143,
      "f1_macro": 0.6776811600297381,
      "f1_weighted": 0.7181883200257915,
      "precision": 0.6770829478877582,
      "recall": 0.6845056652046784
    }
  }
}